{
    "dist_gap_mean": 1.5167455238667462,
    "dist_gap_std": 1.3614337473627254,
    "time_gap_mean": 296.1098743804756,
    "time_gap_std": 229.3154807803624,
    "lngs_mean": -8.620105379107184,
    "lngs_std": 0.022334581739654153,
    "lats_mean": 41.15691743171049,
    "lats_std": 0.009243028506233148,
    "time_bin_mean": 149.36990456497145,
    "time_bin_std": 77.5910791213116,
    "T_X_mean": 64.30905332117374,
    "T_X_std": 16.99496188098831,
    "T_Y_mean": 48.285171977168275,
    "T_Y_std": 20.939372476630442,
    "G_X_mean": 64.21622377099516,
    "G_X_std": 17.565759653174712,
    "G_Y_mean": 50.74948311133392,
    "G_Y_std": 21.389968882186682,
    "dist_mean": 2.3671204621201456,
    "dist_std": 1.3844477606746721,
    "time_mean": 503.0369792729499,
    "time_std": 228.92746811060982,
    "train_set": ["aftercollate/train_1.pkl", "aftercollate/train_2.pkl", "aftercollate/train_3.pkl", "aftercollate/train_4.pkl", "aftercollate/train_5.pkl", "aftercollate/train_6.pkl", "aftercollate/train_7.pkl", "aftercollate/train_8.pkl", "aftercollate/train_9.pkl", "aftercollate/train_10.pkl", "aftercollate/train_11.pkl", "aftercollate/train_12.pkl", "aftercollate/train_13.pkl", "aftercollate/train_14.pkl", "aftercollate/train_15.pkl", "aftercollate/train_16.pkl", "aftercollate/train_17.pkl", "aftercollate/train_18.pkl", "aftercollate/train_19.pkl", "aftercollate/train_20.pkl", "aftercollate/train_21.pkl"],
    "eval_set": ["val"],
    "test_set": ["test"]
}
