{
  "porto_DeepTTE": {
    "data_dir": "data/porto/deeptte",
    "batch_size": 400,
    "collate_fn": "cdtte",
    "dist_gap_mean": 2.2988323342784773,
    "dist_gap_std": 2.0417274814385378,
    "time_gap_mean": 298.65283964451595,
    "time_gap_std": 231.12246469467635,
    "lngs_mean": -8.620548200339684,
    "lngs_std": 0.0234710221052792,
    "lats_mean": 41.15796787895683,
    "lats_std": 0.009660027135709211,
    "dist_mean": 3.4522945117945953,
    "dist_std": 2.0261831465087803,
    "time_mean": 495.88559451758,
    "time_std": 227.6324670811022
  },
  "porto_TTEModel": {
    "data_dir": "data/porto/portotrain",
    "batch_size": 8,
    "collate_fn": "portoedge"
  },
  "chengdu_TTEModel": {
    "data_dir": "data/chengdu/TTEModel",
    "batch_size": 8,
    "collate_fn": "chengduTTE"
  }
}